z_center_A,OH-_counts_per_frame,OH-_density,H2O_counts_per_frame,H2O_density
-0.95,0,0,0,0
-0.85,0,0,0,0
-0.75,0,0,0,0
-0.65,0.00409979501,0.00180597423,0,0
-0.55,0.06524673766,0.02874141915,0,0
-0.45,0.5582220889,0.2458988083,0,0
-0.35,2.807259637,1.236607818,0,0
-0.25,6.767861607,2.981267021,0,0
-0.15,6.97220139,3.071279419,0,0
-0.05,2.758512074,1.215134344,0,0
0.05,0.4515774211,0.1989214542,0,0
0.15,0.03479826009,0.01532875688,0,0
0.25,0.0008499575021,0.0003744092917,0,0
0.35,0,0,0,0
0.45,0,0,0,0
0.55,0,0,0,0
0.65,0,0,0,0
0.75,0,0,0,0
0.85,0,0,0,0
0.95,0,0,0,0
1.05,0,0,0,0
1.15,0,0,9.999500025e-05,4.665887326e-05
1.25,0.0001999900005,8.809630392e-05,0.000399980001,0.000186635493
1.35,0.002399880006,0.001057155647,0.002249887506,0.001049824648
1.45,0.03449827509,0.01519661243,0.0408479576,0.01906014973
1.55,0.3040347983,0.133928406,0.4969251537,0.2318712707
1.65,1.681115944,0.7405375307,3.109844508,1.451090958
1.75,4.779011049,2.105171303,9.610169492,4.484221003
1.85,7.097545123,3.126493778,15.24858757,7.11517489
1.95,5.438528074,2.395690889,12.48087596,5.823727266
2.05,2.011549423,0.8860946489,5.405729714,2.522378688
2.15,0.3405829709,0.1500280056,1.290885456,0.6023427244
2.25,0.03674816259,0.01618769585,0.204639768,0.09548738413
2.35,0.002399880006,0.001057155647,0.02414879256,0.01126811789
2.45,0.0004499775011,0.0001982166838,0.005399730013,0.002519579156
2.55,0.000399980001,0.0001761926078,0.003349832508,0.001563072254
2.65,0.001999900005,0.0008809630392,0.0008499575021,0.0003966004227
2.75,0.01214939253,0.005351850463,0.0008999550022,0.0004199298594
2.85,0.07719614019,0.03400517331,0.001849907505,0.0008631891553
2.95,0.3136843158,0.1381790527,0.007299635018,0.003406097748
3.05,0.7822108895,0.3445666687,0.02774861257,0.01294783733
3.15,1.16019199,0.5110686831,0.06629668517,0.03093483297
3.25,1.10039498,0.4847278882,0.1034448278,0.04826860439
3.35,0.6945652717,0.3059584635,0.1670916454,0.07796697722
3.45,0.3079346033,0.135646284,0.2486875656,0.1160406178
3.55,0.1322933853,0.05827570504,0.3491825409,0.1629327854
3.65,0.08579571021,0.03779331438,0.5206739663,0.2429527531
3.75,0.0792960352,0.0349301845,0.805259737,0.3757439064
3.85,0.1211439428,0.0533643361,1.221788911,0.5701014429
3.95,0.1650417479,0.07270147481,1.708614569,0.7972601674
4.05,0.2014899255,0.0887570262,2.267986601,1.058269904
4.15,0.2266886656,0.09985716049,2.889555522,1.348301461
4.25,0.2605869707,0.114789484,3.422228889,1.596853278
4.35,0.2708364582,0.1193044196,3.930053497,1.833810366
4.45,0.2874356282,0.1266164128,4.085895705,1.90652822
4.55,0.2613869307,0.1151418692,3.91460427,1.82660157
4.65,0.2487875606,0.1095918021,3.552172391,1.657486484
4.75,0.209239538,0.09217075798,3.175491225,1.481722509
4.85,0.1674416279,0.07375863046,2.763861807,1.289651257
4.95,0.1607919604,0.07082942835,2.421728914,1.130007922
5.05,0.1508424579,0.06644663723,2.13359332,0.9955603788
5.15,0.1469426529,0.0647287593,1.93820309,0.9043889404
5.25,0.1320433978,0.05816558466,1.81440928,0.8466252553
5.35,0.1126443678,0.04962024318,1.712714364,0.7991731812
5.45,0.09749512524,0.04294694816,1.604369782,0.748618292
5.55,0.09929503525,0.0437398149,1.543772811,0.7203430148
5.65,0.09264536773,0.04081061279,1.520023999,0.7092615324
5.75,0.09144542773,0.04028203497,1.503324834,0.7014695006
5.85,0.08999550022,0.03964333676,1.552222389,0.7242856896
5.95,0.09169541523,0.04039215535,1.552772361,0.7245423134
6.05,0.1033448328,0.04552376505,1.571171441,0.7331275461
6.15,0.08809559522,0.03880642188,1.538873056,0.7180567301
6.25,0.08709564522,0.03836594036,1.587270636,0.7406396247
6.35,0.09734513274,0.04288087593,1.579921004,0.7372101975
6.45,0.09874506275,0.04349755006,1.641217939,0.7658120868
6.55,0.1025948703,0.04519340391,1.632918354,0.7619394004
6.65,0.1029448528,0.04534757244,1.671916404,0.7801363609
6.75,0.1140942953,0.05025894139,1.700714964,0.7935741164
6.85,0.1231438428,0.05424529914,1.795660217,0.8378767166
6.95,0.1237438128,0.05450958805,1.93700315,0.9038290339
7.05,0.1324933753,0.05836380135,2.024298785,0.9445622303
7.15,0.1433428329,0.06314302583,2.125893705,0.9919676455
7.25,0.1481925904,0.0652793612,2.14159292,0.9992930886
7.35,0.1461426929,0.06437637409,2.213389331,1.03279416
7.45,0.1442927854,0.06356148328,2.251737413,1.050687838
7.55,0.1568921554,0.06911155042,2.264586771,1.056683503
7.65,0.1547422629,0.06816451516,2.203889806,1.028361567
7.75,0.1378931053,0.06074240155,2.159742013,1.007761674
7.85,0.1443927804,0.06360553143,2.174041298,1.014433893
7.95,0.1428928554,0.06294480915,2.142442878,0.9996896891
8.05,0.1374431278,0.06054418487,2.111894405,0.9854354033
8.15,0.1313434328,0.0578572476,2.089245538,0.9748671685
8.25,0.1317434128,0.05803344021,2.002099895,0.9342039604
8.35,0.1198940053,0.0528137342,1.945352732,0.9077250499
8.45,0.1094445278,0.04821070232,1.87120644,0.8731274953
8.55,0.1054447278,0.04644877624,1.809759512,0.8444556177
8.65,0.1124943753,0.04955417095,1.758812059,0.8206829218
8.75,0.1147442628,0.05054525437,1.751562422,0.8173001535
8.85,0.1079446028,0.04754998004,1.704064797,0.7951371887
8.95,0.1195940203,0.05268158974,1.690065497,0.7886049464
9.05,0.1107944603,0.04880535237,1.690215489,0.7886749347
9.15,0.1022448878,0.04503923538,1.742662867,0.8131475138
9.25,0.09799510024,0.04316718892,1.760311984,0.8213828049
9.35,0.1024448778,0.04512733168,1.769711514,0.825768739
9.45,0.1042447878,0.04592019842,1.773911304,0.8277284117
9.55,0.1114444278,0.04909166536,1.789410529,0.834960537
9.65,0.1149942503,0.05065537475,1.83060847,0.8541839928
9.75,0.1226938653,0.05404708245,1.854057297,0.8651254986
9.85,0.1177441128,0.05186669893,1.934253287,0.9025459149
9.95,0.1210939453,0.05334231202,1.950352482,0.9100579935
10.05,0.1274436278,0.05613936967,2.030848458,0.9476183865
10.15,0.1196440178,0.05270361382,2.050547473,0.9568101845
10.25,0.1197440128,0.05274766197,2.050647468,0.9568568434
10.35,0.1248937553,0.0550161418,2.027348633,0.9459853259
10.45,0.1193440328,0.05257146936,2.024498775,0.944655548
10.55,0.1167441628,0.05142621741,1.97560122,0.921839359
10.65,0.1130943453,0.04981845987,1.980650967,0.9241956321
10.75,0.1197440128,0.05274766197,1.997900105,0.9322442878
10.85,0.1138943053,0.05017084508,1.980300985,0.9240323261
10.95,0.1078446078,0.04750593189,1.961701915,0.9153537756
11.05,0.1087445628,0.04790236526,1.908054597,0.8903212901
11.15,0.1112444378,0.04900356906,1.838958052,0.8580800087
11.25,0.1119944003,0.04933393019,1.875856207,0.8752971329
11.35,0.1171941403,0.0516244341,1.909904505,0.8911844793
11.45,0.1089445528,0.04799046156,1.857557122,0.8667585591
11.55,0.1158442078,0.05102978405,1.829358532,0.8536007569
11.65,0.1049447528,0.04622853548,1.915104245,0.8936107407
11.75,0.1203939803,0.05303397496,1.90040498,0.8867518863
11.85,0.1263936803,0.05567686408,1.90320484,0.8880583348
11.95,0.1113444328,0.04904761721,1.906554672,0.889621407
12.05,0.1136443178,0.0500607247,1.893305335,0.8834391063
12.15,0.1161941903,0.05118395258,1.866906655,0.8711211638
12.25,0.1187440628,0.05230718045,1.850257487,0.8633524614
12.35,0.1252937353,0.05519233441,1.880055997,0.8772568056
12.45,0.1105444728,0.04869523199,1.893855307,0.8836957301
12.55,0.1192940353,0.05254944529,1.869506525,0.8723342945
12.65,0.1091945403,0.04810058194,1.887905605,0.8809195272
12.75,0.1077946103,0.04748390781,1.888555572,0.8812228098
12.85,0.1080945953,0.04761605227,1.886255687,0.8801496558
12.95,0.1189940503,0.05241730083,1.88920554,0.8815260925
13.05,0.1151442428,0.05072144698,1.877556122,0.8760903338
13.15,0.1102944853,0.04858511161,1.872256387,0.8736174135
13.25,0.1088945553,0.04796843748,1.868656567,0.8719376941
13.35,0.1096945153,0.0483208227,1.882655867,0.8784699363
13.45,0.1120943953,0.04937797835,1.906554672,0.889621407
13.55,0.1125443728,0.04957619503,1.90280486,0.8878716993
13.65,0.1175941203,0.0518006267,1.938903055,0.9047155525
13.75,0.1180940953,0.05202086746,1.979701015,0.9237523728
13.85,0.1315434228,0.0579453439,2.030548473,0.9474784099
13.95,0.1305434728,0.05750486238,1.999300035,0.932897512
14.05,0.1328933553,0.05853999395,1.981300935,0.9244989148
14.15,0.1087445628,0.04790236526,1.950102495,0.9099413463
14.25,0.1116944153,0.04920178574,1.931153442,0.9010994899
14.35,0.1175441228,0.05177860263,1.950852457,0.9102912879
14.45,0.1153442328,0.05080954329,1.964251787,0.9165435769
14.55,0.1161441928,0.0511619285,1.896055197,0.8847222253
14.65,0.1128943553,0.04973036356,1.95540223,0.9124142666
14.75,0.1109444528,0.0488714246,1.880555972,0.8774901
14.85,0.1137443128,0.05010477285,1.862706865,0.8691614911
14.95,0.1011949403,0.04457672978,1.814109295,0.8464852787
15.05,0.1139443028,0.05019286916,1.847657617,0.8621393307
15.15,0.1088445578,0.04794641341,1.85480726,0.8654754401
15.25,0.1163441828,0.05125002481,1.771861407,0.8267719048
15.35,0.1222438878,0.05384886577,1.761861907,0.8221060174
15.45,0.1201439928,0.05292385458,1.803759812,0.8416560853
15.55,0.1348932553,0.05942095699,1.799060047,0.8394631183
15.65,0.1359432028,0.05988346259,1.86220689,0.8689281967
15.75,0.1227938603,0.05409113061,1.86340683,0.8694881032
15.85,0.1129943503,0.04977441171,1.876056197,0.8753904507
15.95,0.1095445228,0.04825475047,1.879156042,0.8768368758
16.05,0.1113444328,0.04904761721,1.90040498,0.8867518863
16.15,0.1044947753,0.0460303188,1.912954352,0.8926075749
16.25,0.1108944553,0.04884940052,1.894155292,0.8838357067
16.35,0.1149442528,0.05063335068,1.848457577,0.8625126017
16.45,0.1232938353,0.05431137137,1.865306735,0.8703746218
16.55,0.1147442628,0.05054525437,1.900254987,0.886681898
16.65,0.1156942153,0.05096371182,1.868656567,0.8719376941
16.75,0.1244437778,0.05481792511,1.861756912,0.8687182318
16.85,0.1224438778,0.05393696207,1.84700765,0.861836048
16.95,0.1396430178,0.06151324421,1.901554922,0.8872884634
17.05,0.1287935603,0.05673401972,1.914904255,0.893517423
17.15,0.1171941403,0.0516244341,1.91180441,0.8920709979
17.25,0.1043447828,0.04596424657,1.900754962,0.8869151924
17.35,0.1072446378,0.04724164298,1.85500725,0.8655687579
17.45,0.1147442628,0.05054525437,1.835058247,0.8562603127
17.55,0.1133943303,0.04995060432,1.807259637,0.8432891459
17.65,0.1186940653,0.05228515638,1.764461777,0.8233191481
17.75,0.1224938753,0.05395898615,1.768461577,0.8251855031
17.85,0.1081445928,0.04763807634,1.796660167,0.8383433053
17.95,0.1135943203,0.05003870063,1.809559522,0.8443623
18.05,0.1125943703,0.04959821911,1.805059747,0.8422626507
18.15,0.1068946553,0.04708747444,1.726563672,0.8056354352
18.25,0.1032948353,0.04550174097,1.704414779,0.7953004947
18.35,0.1145942703,0.05047918215,1.713264337,0.799429805
18.45,0.1106444678,0.04873928014,1.678166092,0.7830525405
18.55,0.1040947953,0.04585412619,1.680565972,0.7841723535
18.65,0.1132943353,0.04990655617,1.730513474,0.8074784607
18.75,0.1051947403,0.04633865586,1.722963852,0.8039557157
18.85,0.09919504025,0.04369576674,1.697365132,0.7920110442
18.95,0.1076446178,0.04741783558,1.708064597,0.7970035436
19.05,0.1032448378,0.0454797169,1.709914504,0.7978667328
19.15,0.1001449928,0.04411422419,1.669266537,0.7788999008
19.25,0.09384530773,0.04133919061,1.637368132,0.7640157202
19.35,0.08669566522,0.03818974775,1.614569272,0.7533774971
19.45,0.08804559772,0.0387843978,1.569271536,0.7322410275
19.55,0.09874506275,0.04349755006,1.570971451,0.7330342284
19.65,0.09924503775,0.04371779082,1.525523724,0.7118277705
19.75,0.1015449228,0.04473089831,1.556222189,0.7261520446
19.85,0.1065946703,0.04695532999,1.576821159,0.7357637725
19.95,0.1052947353,0.04638270401,1.502674866,0.7011662179
20.05,0.09649517524,0.04250646664,1.488875556,0.6947272934
20.15,0.09819509025,0.04325528522,1.380830958,0.6443123809
20.25,0.09364531773,0.04125109431,1.291185441,0.602482701
20.35,0.08529573521,0.03757307362,1.239438028,0.5783367341
20.45,0.08289585521,0.03651591797,1.173541323,0.5475885366
20.55,0.07134643268,0.03142835642,1.117094145,0.5212496026
20.65,0.07659617019,0.0337408844,1.03279836,0.4819161725
20.75,0.07119644018,0.0313622842,1.002149893,0.4676152278
20.85,0.06244687766,0.0275080709,0.9355032248,0.4365170888
20.95,0.06959652017,0.03065751376,0.8860056997,0.4134209465
21.05,0.05169741513,0.02277289456,0.8968051597,0.4184601048
21.15,0.04824758762,0.02125323332,0.8525573721,0.3978135534
21.25,0.04949752512,0.02180383522,0.7989100545,0.3727810679
21.35,0.04419779011,0.01946928317,0.7362631868,0.3435492838
21.45,0.04264786761,0.01878653681,0.7114644268,0.3319778833
21.55,0.04279786011,0.01885260904,0.6596670166,0.3078085869
21.65,0.0391980401,0.01726687557,0.6216189191,0.2900548856
21.75,0.03249837508,0.01431564939,0.5709714514,0.2664221663
21.85,0.03339833008,0.01471208275,0.5254737263,0.245192379
21.95,0.03334833258,0.01469005868,0.5030248488,0.2347174619
22.05,0.02969851507,0.01308230113,0.4547272636,0.2121812262
22.15,0.02519874006,0.01110013429,0.410779461,0.1916746514
22.25,0.02604869757,0.01147454359,0.3941302935,0.183905949
22.35,0.02449877506,0.01079179723,0.3504824759,0.1635393508
22.45,0.02524873756,0.01112215837,0.3283835808,0.1532277398
22.55,0.01824908755,0.008038787733,0.3268836558,0.1525278567
22.65,0.01969901505,0.008677485936,0.2959852007,0.1381102649
22.75,0.01774911254,0.007818546973,0.2665366732,0.1243692267
22.85,0.01339933003,0.005902452363,0.2397880106,0.1118879781
22.95,0.01184940753,0.005219706007,0.2094895255,0.09775033948
23.05,0.01019949003,0.0044929115,0.198340083,0.09254787511
23.15,0.008599570021,0.003788141069,0.1807909605,0.08435924286
23.25,0.006899655017,0.003039322485,0.1603419829,0.07481750327
23.35,0.009449527524,0.00416255036,0.1557922104,0.07269452454
23.45,0.007749612519,0.003413731777,0.1437928104,0.06709545975
23.55,0.00784960752,0.003457779929,0.1320933953,0.06163637158
23.65,0.00789960502,0.003479804005,0.1068446578,0.04985500608
23.75,0.006099695015,0.00268693727,0.09559522024,0.04460588284
23.85,0.005799710014,0.002554792814,0.0800959952,0.03737375748
23.95,0.004399780011,0.001938118686,0.08919554022,0.04161971495
24.05,0.00384980751,0.00169585385,0.0784960752,0.03662721551
24.15,0.003599820009,0.001585733471,0.06929653517,0.03233459917
24.25,0.004749762512,0.002092287218,0.06614669267,0.03086484466
24.35,0.003699815009,0.001629781623,0.05234738263,0.02442592015
24.45,0.003499825009,0.001541685319,0.04699765012,0.02192967043
24.55,0.002849857507,0.001255372331,0.03384830758,0.0157940286
24.65,0.006099695015,0.00268693727,0.03604819759,0.01682052381
24.75,0.004699765012,0.002070263142,0.02684865757,0.01252790747
24.85,0.002149892505,0.0009470352671,0.02854857257,0.01332110832
24.95,0.0004999750012,0.0002202407598,0.01959902005,0.009145139159
25.05,0.001099945003,0.0004845296716,0.01589920504,0.007418760849
25.15,0.001299935003,0.0005726259755,0.01144942753,0.005342440988
25.25,0.0008999550022,0.0003964333676,0.01139943003,0.005319111552
25.35,0.0002499875006,0.0001101203799,0.009499525024,0.00443259296
25.45,0.0008999550022,0.0003964333676,0.01259937003,0.005879018031
25.55,0.001599920004,0.0007047704314,0.01109944503,0.005179134932
25.65,0.0002999850007,0.0001321444559,0.01329933503,0.006205630144
25.75,0.0003499825009,0.0001541685319,0.007099645018,0.003312780002
25.85,0.0003499825009,0.0001541685319,0.003749812509,0.001749707747
25.95,0.0002499875006,0.0001101203799,0.005449727514,0.002542908593
26.05,0.000399980001,0.0001761926078,0.005949702515,0.002776202959
26.15,0.0004499775011,0.0001982166838,0.005349732513,0.002496249719
26.25,0.0002999850007,0.0001321444559,0.00409979501,0.001913013804
26.35,0.0005499725014,0.0002422648358,0.006349682516,0.002962838452
26.45,0.0004999750012,0.0002202407598,0.006049697515,0.002822861832
26.55,0.001049947503,0.0004625055956,0.005099745013,0.002379602536
26.65,0.0001499925004,6.607222794e-05,0.003299835008,0.001539742818
26.75,0.0001499925004,6.607222794e-05,0.002349882506,0.001096483522
26.85,0.0006999650017,0.0003083370637,0.001799910004,0.0008398597187
26.95,0.0007499625019,0.0003303611397,0.002049897505,0.0009565069019
27.05,0.0003499825009,0.0001541685319,0.002049897505,0.0009565069019
27.15,0.0009499525024,0.0004184574436,0.002399880006,0.001119812958
27.25,9.999500025e-05,4.404815196e-05,0.002399880006,0.001119812958
27.35,0.0001499925004,6.607222794e-05,0.002349882506,0.001096483522
27.45,0.0001999900005,8.809630392e-05,0.003799810009,0.001773037184
27.55,0.0001999900005,8.809630392e-05,0.00384980751,0.001796366621
27.65,0,0,0.002799860007,0.001306448451
27.75,0,0,0.003299835008,0.001539742818
27.85,0,0,0.003349832508,0.001563072254
27.95,0,0,0.002999850007,0.001399766198
28.05,0.0003499825009,0.0001541685319,0.003399830008,0.001586401691
28.15,0.0002499875006,0.0001101203799,0.002399880006,0.001119812958
28.25,0.0004499775011,0.0001982166838,0.002449877506,0.001143142395
28.35,0.0002999850007,0.0001321444559,0.002899855007,0.001353107325
28.45,0.0006499675016,0.0002863129877,0.003449827509,0.001609731128
28.55,0.000399980001,0.0001761926078,0.001749912504,0.0008165302821
28.65,0.0009999500025,0.0004404815196,0.003099845008,0.001446425071
28.75,0.0009999500025,0.0004404815196,0.003249837508,0.001516413381
28.85,0.000399980001,0.0001761926078,0.002049897505,0.0009565069019
28.95,0.0002999850007,0.0001321444559,0.001799910004,0.0008398597187
29.05,0.0002499875006,0.0001101203799,0.001799910004,0.0008398597187
29.15,0.0002999850007,0.0001321444559,0.002599870006,0.001213130705
29.25,0,0,0.002949852507,0.001376436761
29.35,0,0,0.003599820009,0.001679719437
29.45,4.999750012e-05,2.202407598e-05,0.002599870006,0.001213130705
29.55,0.000399980001,0.0001761926078,0.002199890005,0.001026495212
29.65,0.0002499875006,0.0001101203799,0.001899905005,0.000886518592
29.75,0.0002499875006,0.0001101203799,0.002249887506,0.001049824648
29.85,0.0002499875006,0.0001101203799,0.002899855007,0.001353107325
29.95,0.0004999750012,0.0002202407598,0.002099895005,0.0009798363385
